City_ID,City,Country,Date,Lat,Lng,Max Temp,Humidity,Cloudiness,Wind Speed
0,Norman Wells,CA,2020-08-25 21:13:28,65.28,-126.83,66.2,59,75,2.24
1,Kapaa,US,2020-08-25 21:10:45,22.08,-159.32,84.2,70,75,12.75
2,Albany,US,2020-08-25 21:13:28,42.6,-73.97,81.0,73,75,14.99
3,Punta Arenas,CL,2020-08-25 21:12:30,-53.15,-70.92,42.8,52,94,11.41
4,Sungairaya,ID,2020-08-25 21:13:29,0.7,108.9,78.26,83,100,2.3
5,Paamiut,GL,2020-08-25 21:13:29,61.99,-49.67,43.54,81,0,14.5
6,Finnsnes,NO,2020-08-25 21:09:45,69.23,17.98,48.2,87,75,9.17
7,East London,ZA,2020-08-25 21:13:29,-33.02,27.91,63.91,63,21,19.55
8,Sisimiut,GL,2020-08-25 21:13:29,66.94,-53.67,48.63,74,26,6.53
9,Ribeira Grande,PT,2020-08-25 21:13:30,38.52,-28.7,75.2,94,75,8.05
10,Nikolskoye,RU,2020-08-25 21:13:30,59.7,30.79,60.01,87,75,4.47
11,Korla,CN,2020-08-25 21:13:30,41.76,86.15,84.0,61,0,1.99
12,Mataura,NZ,2020-08-25 21:13:30,-46.19,168.86,36.84,89,69,4.88
13,Abnub,EG,2020-08-25 21:13:30,27.27,31.15,84.2,42,0,9.17
14,Port Alfred,ZA,2020-08-25 21:13:30,-33.59,26.89,61.25,72,0,16.98
15,Boende,CD,2020-08-25 21:13:30,-0.22,20.87,72.39,92,39,0.4
16,Kodiak,US,2020-08-25 21:13:03,57.79,-152.41,62.6,51,90,17.22
17,Ridgecrest,US,2020-08-25 21:13:10,35.62,-117.67,104.0,11,0,21.9
18,Pontalina,BR,2020-08-25 21:13:31,-17.52,-49.45,80.55,29,6,9.24
19,Geraldton,AU,2020-08-25 21:13:31,-28.77,114.6,44.6,93,0,4.7
20,Helsinki,FI,2020-08-25 21:13:31,60.17,24.94,57.0,87,32,2.24
21,Bluff,NZ,2020-08-25 21:13:31,-46.6,168.33,44.26,76,86,17.45
22,Clyde River,CA,2020-08-25 21:13:31,70.47,-68.59,44.74,69,1,8.23
23,Seddon,AU,2020-08-25 21:13:32,-37.81,144.89,46.0,87,39,8.05
24,Gazanjyk,TM,2020-08-25 21:13:32,39.24,55.52,70.05,45,0,8.84
25,Saint-Francois,FR,2020-08-25 21:13:32,46.42,3.91,75.99,44,75,3.0
26,Avarua,CK,2020-08-25 21:13:32,-21.21,-159.78,75.2,73,53,11.41
27,Sitka,US,2020-08-25 21:12:05,57.05,-135.33,55.4,100,90,5.41
28,Te Anau,NZ,2020-08-25 21:13:32,-45.42,167.72,33.51,90,47,1.68
29,Chuy,UY,2020-08-25 21:13:32,-33.7,-53.46,61.9,71,100,9.69
30,Miles City,US,2020-08-25 21:13:33,46.41,-105.84,84.2,23,1,9.17
31,Tasiilaq,GL,2020-08-25 21:13:33,65.61,-37.64,41.0,75,0,6.93
32,Sibu,MY,2020-08-25 21:13:33,2.3,111.82,78.8,94,40,2.24
33,Binga,ZW,2020-08-25 21:13:33,-17.62,27.34,67.21,42,0,0.72
34,Kruisfontein,ZA,2020-08-25 21:13:33,-34.0,24.73,62.01,71,0,8.01
35,Erice,IT,2020-08-25 21:13:33,38.04,12.59,82.4,74,40,10.29
36,Poronaysk,RU,2020-08-25 21:09:04,49.22,143.12,63.01,95,39,2.82
37,Port Lincoln,AU,2020-08-25 21:13:34,-34.73,135.87,52.18,65,35,9.6
38,Saskylakh,RU,2020-08-25 21:13:34,71.92,114.08,49.53,65,48,8.25
39,El Dorado,US,2020-08-25 21:10:21,33.21,-92.67,91.0,59,90,11.41
40,Calca,PE,2020-08-25 21:13:34,-13.33,-71.95,71.6,12,7,10.29
41,San Jose De Rio Tinto,HN,2020-08-25 21:13:34,14.93,-85.7,84.54,65,100,3.11
42,Los Llanos De Aridane,ES,2020-08-25 21:13:34,28.66,-17.92,78.01,78,20,17.22
43,Longyearbyen,SJ,2020-08-25 21:08:46,78.22,15.64,41.0,79,13,4.7
44,Egvekinot,RU,2020-08-25 21:13:35,66.32,-179.17,49.1,74,100,5.26
45,Ngoro,ID,2020-08-25 21:13:35,-7.68,112.26,71.65,80,38,5.66
46,Le Port,RE,2020-08-25 21:13:35,-20.94,55.29,68.0,64,50,13.87
47,Concordia,AR,2020-08-25 21:09:52,-31.39,-58.02,81.0,51,38,17.22
48,Ushuaia,AR,2020-08-25 21:10:19,-54.8,-68.3,42.8,56,40,5.35
49,New Norfolk,AU,2020-08-25 21:13:36,-42.78,147.06,46.99,82,100,3.0
50,Flinders,AU,2020-08-25 21:13:36,-34.58,150.86,45.0,84,0,1.01
51,Tome,CL,2020-08-25 21:13:36,-36.62,-72.95,57.2,71,75,21.92
52,Barrow,US,2020-08-25 21:09:31,71.29,-156.79,39.2,93,90,4.7
53,Sorland,NO,2020-08-25 21:13:36,67.67,12.69,48.2,81,40,9.17
54,Rikitea,PF,2020-08-25 21:13:36,-23.12,-134.97,69.71,76,0,10.69
55,Chokurdakh,RU,2020-08-25 21:13:37,70.63,147.92,37.09,91,100,4.7
56,Kashi,CN,2020-08-25 21:13:37,39.45,75.98,87.8,19,20,11.18
57,Codrington,AU,2020-08-25 21:13:37,-38.27,141.97,37.71,91,9,8.66
58,Belaya Gora,RU,2020-08-25 21:13:37,68.53,146.42,40.93,67,6,1.95
59,Teknaf,BD,2020-08-25 21:13:37,20.86,92.31,78.91,91,99,13.35
60,Arequipa,PE,2020-08-25 21:13:37,-16.4,-71.53,64.4,36,0,11.41
61,Thinadhoo,MV,2020-08-25 21:13:37,0.53,72.93,83.64,70,100,9.66
62,Hermanus,ZA,2020-08-25 21:13:38,-34.42,19.23,55.99,93,97,9.06
63,Pevek,RU,2020-08-25 21:13:38,69.7,170.31,38.08,98,100,2.59
64,Nome,US,2020-08-25 21:13:38,64.5,-165.41,54.0,81,90,5.1
65,Port Elizabeth,ZA,2020-08-25 21:13:38,-33.92,25.57,60.8,82,0,26.4
66,Vila Velha,BR,2020-08-25 21:13:38,-20.33,-40.29,73.99,56,2,18.34
67,Atuona,PF,2020-08-25 21:13:39,-9.8,-139.03,78.48,74,27,13.09
68,Katobu,ID,2020-08-25 21:13:39,-4.94,122.53,73.18,81,10,6.46
69,Khor,RU,2020-08-25 21:13:39,47.89,134.95,63.79,97,18,4.7
70,Lahij,YE,2020-08-25 21:13:39,13.17,44.58,88.07,47,96,4.65
71,Bethel,US,2020-08-25 21:13:39,41.37,-73.41,88.0,65,75,14.99
72,Ambagarh Chauki,IN,2020-08-25 21:13:39,20.78,80.72,78.19,82,100,9.01
73,Luderitz,NA,2020-08-25 21:13:39,-26.65,15.16,56.19,79,0,8.1
74,Busselton,AU,2020-08-25 21:12:45,-33.65,115.33,46.99,76,52,2.21
75,Tecoanapa,MX,2020-08-25 21:13:40,16.52,-98.75,82.02,79,99,15.08
76,Tuktoyaktuk,CA,2020-08-25 21:13:40,69.45,-133.04,46.4,93,90,8.05
77,Katsuura,JP,2020-08-25 21:13:40,35.13,140.3,78.01,88,20,5.82
78,Hobart,AU,2020-08-25 21:12:22,-42.88,147.33,48.2,57,75,10.29
79,San Quintin,MX,2020-08-25 21:13:40,30.48,-115.95,78.17,69,14,15.75
80,Kavieng,PG,2020-08-25 21:13:40,-2.57,150.8,81.73,78,1,11.3
81,Kaitangata,NZ,2020-08-25 21:13:40,-46.28,169.85,44.01,68,51,7.0
82,Faanui,PF,2020-08-25 21:13:41,-16.48,-151.75,76.14,82,34,19.95
83,Fortuna,US,2020-08-25 21:13:04,40.6,-124.16,68.0,77,1,13.87
84,Nantucket,US,2020-08-25 21:13:41,41.28,-70.1,78.8,78,1,13.87
85,Seminole,US,2020-08-25 21:13:41,28.71,-81.21,93.2,52,20,13.87
86,Haines Junction,CA,2020-08-25 21:13:41,60.75,-137.51,57.56,54,95,6.29
87,Thompson,CA,2020-08-25 21:13:41,55.74,-97.86,53.6,76,90,6.93
88,Assiniboia,CA,2020-08-25 21:09:59,49.63,-105.98,85.86,22,30,12.17
89,Saint-Philippe,RE,2020-08-25 21:13:42,-21.36,55.77,68.0,72,75,4.7
90,Esperance,AU,2020-08-25 21:13:42,-33.87,121.9,51.8,100,0,4.7
91,Hasaki,JP,2020-08-25 21:13:42,35.73,140.83,75.2,94,20,4.7
92,Bengkulu,ID,2020-08-25 21:13:42,-3.8,102.27,77.09,80,98,7.94
93,Sagua De Tanamo,CU,2020-08-25 21:13:42,20.58,-75.24,88.12,57,23,7.7
94,Aripuana,BR,2020-08-25 21:13:42,-9.17,-60.63,95.83,24,32,1.95
95,Bar Harbor,US,2020-08-25 21:13:42,44.39,-68.2,69.8,83,75,10.29
96,Castro,BR,2020-08-25 21:11:22,-24.79,-50.01,55.56,81,0,7.2
97,Butaritari,KI,2020-08-25 21:13:43,3.07,172.79,81.39,68,60,3.87
98,Storm Lake,US,2020-08-25 21:13:43,42.64,-95.21,95.0,41,1,14.99
99,Bredasdorp,ZA,2020-08-25 21:13:43,-34.53,20.04,55.4,87,95,2.24
100,Alpena,US,2020-08-25 21:13:43,45.06,-83.43,80.6,47,20,12.75
101,Bulgan,MN,2020-08-25 21:13:43,48.81,103.53,51.19,82,83,2.64
102,San Patricio,MX,2020-08-25 21:13:43,19.22,-104.7,84.2,79,75,18.34
103,Cabo San Lucas,MX,2020-08-25 21:08:55,22.89,-109.91,93.2,52,5,6.93
104,Mahebourg,MU,2020-08-25 21:13:44,-20.41,57.7,68.0,88,75,11.41
105,Port Hardy,CA,2020-08-25 21:13:44,50.7,-127.42,62.6,67,75,10.29
106,Khanpur,PK,2020-08-25 21:13:44,28.65,70.66,85.68,72,91,10.07
107,Beringovskiy,RU,2020-08-25 21:13:44,63.05,179.32,50.13,75,91,12.84
108,Talnakh,RU,2020-08-25 21:13:44,69.49,88.4,51.8,93,91,6.71
109,Lata,PT,2020-08-25 21:13:45,40.16,-8.33,69.01,94,40,10.29
110,Deputatskiy,RU,2020-08-25 21:13:45,69.3,139.9,29.41,96,26,3.06
111,Severo-Kurilsk,RU,2020-08-25 21:13:45,50.68,156.12,53.42,92,90,14.41
112,Cidreira,BR,2020-08-25 21:13:45,-30.18,-50.21,62.89,82,0,23.98
113,Klaksvik,FO,2020-08-25 21:13:45,62.23,-6.59,46.4,81,91,1.12
114,Aklavik,CA,2020-08-25 21:13:45,68.22,-135.01,59.0,72,75,5.82
115,Palmer,US,2020-08-25 21:13:45,42.16,-72.33,82.99,60,32,1.01
116,Banswada,IN,2020-08-25 21:13:46,18.38,77.88,75.78,84,100,4.32
117,Jamestown,US,2020-08-25 21:10:40,42.1,-79.24,77.0,60,40,17.22
118,Ponta Do Sol,PT,2020-08-25 21:13:46,32.67,-17.1,73.4,69,20,20.8
119,Grindavik,IS,2020-08-25 21:13:46,63.84,-22.43,46.4,81,75,6.93
120,Sosva,RU,2020-08-25 21:13:46,59.18,61.86,56.39,95,100,7.65
121,Tocopilla,CL,2020-08-25 21:11:58,-22.09,-70.2,64.18,60,14,8.43
122,Umm Lajj,SA,2020-08-25 21:13:47,25.02,37.27,84.96,54,0,6.26
123,Ancud,CL,2020-08-25 21:13:47,-41.87,-73.82,55.4,76,40,8.05
124,Baker City,US,2020-08-25 21:11:16,44.77,-117.83,80.01,47,40,6.93
125,Merauke,ID,2020-08-25 21:13:47,-8.47,140.33,76.86,83,100,15.3
126,Qaanaaq,GL,2020-08-25 21:13:47,77.48,-69.36,36.46,88,100,11.14
127,Ponazyrevo,RU,2020-08-25 21:13:47,58.36,46.31,56.07,89,100,2.91
128,Parana,AR,2020-08-25 21:13:47,-31.73,-60.52,87.01,44,57,4.0
129,Khatanga,RU,2020-08-25 21:13:48,71.97,102.5,52.02,76,44,3.76
130,Meulaboh,ID,2020-08-25 21:13:48,4.14,96.13,76.01,85,90,3.15
131,Teguldet,RU,2020-08-25 21:13:48,57.31,88.17,52.0,94,100,2.71
132,Saldanha,ZA,2020-08-25 21:13:48,-33.01,17.94,55.4,93,82,3.36
133,Padang,ID,2020-08-25 21:13:48,-0.95,100.35,77.59,73,97,4.03
134,Arraial Do Cabo,BR,2020-08-25 21:13:49,-22.97,-42.03,69.8,64,75,16.11
135,General Escobedo,MX,2020-08-25 21:13:49,25.82,-100.33,89.6,45,75,9.17
136,Bima,ID,2020-08-25 21:13:49,-8.47,118.72,71.26,84,10,5.1
137,Nanortalik,GL,2020-08-25 21:13:49,60.14,-45.24,46.67,82,8,5.73
138,Franklin,US,2020-08-25 21:13:14,39.97,-83.02,90.0,48,75,11.41
139,Hilo,US,2020-08-25 21:13:49,19.73,-155.09,84.2,62,1,6.93
140,Nuuk,GL,2020-08-25 21:13:49,64.18,-51.72,51.8,62,40,5.82
141,Praia Da Vitoria,PT,2020-08-25 21:10:13,38.73,-27.07,78.8,78,40,11.14
142,Carnarvon,AU,2020-08-25 21:13:50,-24.87,113.63,60.8,82,0,14.99
143,Gornopravdinsk,RU,2020-08-25 21:13:50,60.05,69.9,52.16,82,100,4.38
144,Vostok,RU,2020-08-25 21:13:50,46.49,135.88,61.63,100,75,2.28
145,Oriximina,BR,2020-08-25 21:13:50,-1.77,-55.87,92.41,43,64,3.96
146,Elizabeth City,US,2020-08-25 21:13:50,36.29,-76.25,93.2,52,20,12.75
147,Hithadhoo,MV,2020-08-25 21:13:51,-0.6,73.08,81.57,76,100,8.5
148,Pacific Grove,US,2020-08-25 21:11:13,36.62,-121.92,77.0,60,40,9.17
149,Vaini,TO,2020-08-25 21:13:51,-21.2,-175.2,73.4,94,20,3.36
150,Yellowknife,CA,2020-08-25 21:13:51,62.46,-114.35,55.4,100,90,8.05
151,Mar Del Plata,AR,2020-08-25 21:12:01,-38.0,-57.56,57.99,93,90,3.36
152,Olinda,BR,2020-08-25 21:13:51,-8.01,-34.86,78.8,74,40,14.99
153,Sakakah,SA,2020-08-25 21:09:04,29.97,40.21,93.2,13,0,8.05
154,Kyzyl-Suu,KG,2020-08-25 21:13:52,42.34,78.0,58.57,61,73,2.46
155,Coquimbo,CL,2020-08-25 21:13:52,-29.95,-71.34,53.6,81,93,6.93
156,Torbay,CA,2020-08-25 21:13:52,47.67,-52.73,61.0,77,75,12.75
157,Mikun,RU,2020-08-25 21:13:52,62.35,50.08,51.19,97,1,5.61
158,Kuusamo,FI,2020-08-25 21:13:52,65.97,29.18,46.4,81,13,3.36
159,Dzaoudzi,YT,2020-08-25 21:13:52,-12.79,45.27,71.6,88,0,2.24
160,Weligama,LK,2020-08-25 21:13:53,5.97,80.42,78.87,86,100,5.1
161,Kangaatsiaq,GL,2020-08-25 21:13:53,68.31,-53.46,44.91,83,59,8.1
162,Znojmo,CZ,2020-08-25 21:13:53,48.86,16.05,66.99,72,9,3.89
163,San Cristobal,VE,2020-08-25 21:13:53,7.77,-72.22,95.0,34,40,13.87
164,Poole,GB,2020-08-25 21:13:53,50.72,-2.0,63.0,82,75,21.92
165,Lavrentiya,RU,2020-08-25 21:13:54,65.58,-171.0,47.59,88,91,4.88
166,Cabedelo,BR,2020-08-25 21:13:54,-6.98,-34.83,78.8,69,1,12.75
167,Tefe,BR,2020-08-25 21:13:54,-3.35,-64.71,87.8,55,40,5.82
168,Teahupoo,PF,2020-08-25 21:13:54,-17.83,-149.27,80.6,65,75,2.24
169,Nhamunda,BR,2020-08-25 21:13:54,-2.19,-56.71,94.23,38,52,3.44
170,Gazojak,TM,2020-08-25 21:13:54,41.19,61.4,65.88,45,0,11.97
171,Santa Rosa,PH,2020-08-25 21:11:20,14.31,121.11,82.99,83,100,4.7
172,Shimoda,JP,2020-08-25 21:13:54,34.67,138.95,72.0,95,0,1.01
173,Rock Springs,US,2020-08-25 21:13:55,41.59,-109.2,87.8,18,1,9.17
174,Oistins,BB,2020-08-25 21:13:55,13.07,-59.53,86.0,74,40,11.41
175,Pyinmana,MM,2020-08-25 21:13:55,19.73,96.22,74.25,94,100,2.73
176,Groningen,NL,2020-08-25 21:13:55,53.25,6.75,64.99,82,20,14.99
177,Husavik,IS,2020-08-25 21:13:55,66.04,-17.34,46.4,75,20,6.93
178,Victoria,HK,2020-08-25 21:11:31,22.29,114.16,87.01,86,92,7.0
179,Tahta,EG,2020-08-25 21:13:56,26.77,31.5,87.8,25,0,5.82
180,Pisco,PE,2020-08-25 21:13:56,-13.7,-76.22,66.2,72,23,11.41
181,Aksarka,RU,2020-08-25 21:13:56,66.56,67.8,51.08,77,100,6.13
182,Marana,US,2020-08-25 21:10:17,32.44,-111.23,107.01,12,1,2.3
183,Balkhash,KZ,2020-08-25 21:13:57,46.84,74.98,65.89,52,0,9.62
184,Lorengau,PG,2020-08-25 21:13:57,-2.02,147.27,82.35,77,94,13.38
185,Mahibadhoo,MV,2020-08-25 21:13:57,3.78,72.97,83.01,74,100,12.71
186,Mugumu,TZ,2020-08-25 21:09:06,-1.85,34.7,66.43,65,30,3.0
187,Iwanai,JP,2020-08-25 21:13:57,42.97,140.51,70.29,89,58,5.39
188,Argenta,IT,2020-08-25 21:13:57,44.61,11.84,75.0,74,1,4.05
189,Phan Thiet,VN,2020-08-25 21:13:57,10.93,108.1,78.98,86,7,9.53
190,Sabang,ID,2020-08-25 21:13:58,5.89,95.32,82.92,74,36,2.68
191,Samarai,PG,2020-08-25 21:13:58,-10.62,150.67,78.35,87,100,18.61
192,Tautira,PF,2020-08-25 21:13:58,-17.73,-149.15,80.6,65,75,2.24
193,Hayden,US,2020-08-25 21:13:58,47.77,-116.79,82.99,32,1,8.05
194,Haren,DE,2020-08-25 21:13:58,52.78,7.23,62.6,82,57,6.93
195,Donduseni,MD,2020-08-25 21:13:58,48.24,27.61,62.04,90,77,11.59
196,Baryatino,RU,2020-08-25 21:13:59,54.31,34.52,59.29,95,100,9.24
197,Vestmanna,FO,2020-08-25 21:13:59,62.16,-7.17,46.4,81,86,1.12
198,Namtsy,RU,2020-08-25 21:13:59,62.72,129.67,28.4,86,0,6.71
199,Gamba,GA,2020-08-25 21:13:59,-2.65,10.0,74.57,85,27,7.76
200,Necochea,AR,2020-08-25 21:13:59,-38.55,-58.74,61.0,88,100,8.01
201,Miranda,CO,2020-08-25 21:14:00,3.25,-76.23,82.4,58,75,14.99
202,Umba,RU,2020-08-25 21:14:00,66.69,34.34,51.93,72,0,5.19
203,Dublin,US,2020-08-25 21:12:29,37.7,-121.94,84.99,48,1,10.29
204,Sambava,MG,2020-08-25 21:14:00,-14.27,50.17,69.82,87,17,10.47
205,Sao Gabriel Da Cachoeira,BR,2020-08-25 21:14:00,-0.13,-67.09,84.15,60,100,1.54
206,Murray Bridge,AU,2020-08-25 21:14:00,-35.12,139.27,48.99,79,4,8.66
207,Atasu,KZ,2020-08-25 21:14:01,48.68,71.64,55.89,55,0,2.28
208,Coahuayana,MX,2020-08-25 21:14:01,18.73,-103.68,82.4,83,40,8.08
209,College,US,2020-08-25 21:14:01,64.86,-147.8,57.2,82,90,3.36
210,Spas-Klepiki,RU,2020-08-25 21:14:01,55.13,40.18,64.0,83,99,5.99
211,Luzhou,CN,2020-08-25 21:14:01,28.87,105.44,73.13,78,0,1.68
212,San Luis,AR,2020-08-25 21:14:01,-33.3,-66.34,68.2,40,0,13.85
213,Ewa Beach,US,2020-08-25 21:14:01,21.32,-158.01,87.8,48,20,8.05
214,Gorele,TR,2020-08-25 21:14:02,41.03,39.0,71.6,83,0,3.49
215,Flin Flon,CA,2020-08-25 21:14:02,54.77,-101.86,55.4,93,90,11.41
216,Vila Franca Do Campo,PT,2020-08-25 21:14:02,37.72,-25.43,75.2,88,40,9.17
217,Namatanai,PG,2020-08-25 21:14:02,-3.67,152.43,79.11,80,2,6.93
218,Lamia,GR,2020-08-25 21:14:02,38.9,22.43,78.01,69,29,5.01
219,Bundaberg,AU,2020-08-25 21:14:02,-24.85,152.35,55.0,57,0,6.93
220,Road Town,VG,2020-08-25 21:14:03,18.42,-64.62,87.8,79,40,11.41
221,Iqaluit,CA,2020-08-25 21:14:03,63.75,-68.51,53.6,58,75,13.87
222,Sao Filipe,CV,2020-08-25 21:14:03,14.9,-24.5,79.79,84,22,5.82
223,Hobyo,SO,2020-08-25 21:14:03,5.35,48.53,76.64,84,64,23.87
224,Dunedin,NZ,2020-08-25 21:10:14,-45.87,170.5,45.0,63,15,13.0
225,Constitucion,CL,2020-08-25 21:14:03,-35.33,-72.42,52.9,82,43,23.62
226,Darab,IR,2020-08-25 21:14:03,28.75,54.54,75.45,19,8,2.33
227,Jacareacanga,BR,2020-08-25 21:14:04,-6.22,-57.75,90.81,44,66,1.12
228,Port Blair,IN,2020-08-25 21:14:04,11.67,92.75,81.14,80,88,8.14
229,Oktyabrskiy,RU,2020-08-25 21:14:04,54.48,53.47,57.61,93,3,2.26
230,Iquitos,PE,2020-08-25 21:14:04,-3.75,-73.25,84.2,62,75,4.7
231,Salina Cruz,MX,2020-08-25 21:14:04,16.17,-95.2,82.74,75,95,9.98
232,Asyut,EG,2020-08-25 21:14:05,27.18,31.18,84.2,42,0,9.17
233,Cherskiy,RU,2020-08-25 21:14:05,68.75,161.3,38.82,95,100,3.67
234,Nishihara,JP,2020-08-25 21:14:05,26.18,127.76,78.8,94,75,11.41
235,Sao Felix Do Xingu,BR,2020-08-25 21:14:05,-6.64,-51.99,89.35,40,69,2.24
236,Tiksi,RU,2020-08-25 21:14:05,71.69,128.87,37.71,87,2,9.08
237,Susanville,US,2020-08-25 21:11:46,40.42,-120.65,88.0,28,1,3.36
238,Tignere,CM,2020-08-25 21:11:06,7.37,12.65,62.4,92,95,2.06
239,Mehamn,NO,2020-08-25 21:14:06,71.04,27.85,50.0,87,40,6.93
240,Neiafu,TO,2020-08-25 21:14:06,-18.65,-173.98,77.0,83,75,11.54
241,Alice Springs,AU,2020-08-25 21:14:06,-23.7,133.88,51.8,34,0,6.93
242,Nacogdoches,US,2020-08-25 21:14:06,31.6,-94.63,91.4,52,75,8.05
243,Iracoubo,GF,2020-08-25 21:14:06,5.48,-53.2,81.84,75,0,7.61
244,Vestmannaeyjar,IS,2020-08-25 21:14:07,63.44,-20.27,52.18,79,65,8.72
245,Pecanha,BR,2020-08-25 21:14:07,-18.55,-42.56,58.5,61,20,4.52
246,Kovylkino,RU,2020-08-25 21:14:07,54.04,43.91,63.21,91,100,4.68
247,Kankaanpaa,FI,2020-08-25 21:14:07,61.8,22.42,48.2,93,0,1.12
248,Olafsvik,IS,2020-08-25 21:14:07,64.89,-23.71,47.19,84,30,7.09
249,Puerto Ayora,EC,2020-08-25 21:14:07,-0.74,-90.35,77.0,57,75,23.04
250,Atyrau,KZ,2020-08-25 21:12:39,47.12,51.88,64.4,59,0,4.47
251,Fairbanks,US,2020-08-25 21:12:29,64.84,-147.72,57.2,82,90,3.36
252,Hami,CN,2020-08-25 21:14:08,42.8,93.45,82.26,20,0,1.97
253,Zemio,CF,2020-08-25 21:14:08,5.03,25.14,68.97,95,83,2.06
254,Saint George,US,2020-08-25 21:14:08,37.1,-113.58,104.0,16,1,3.36
255,Kroya,ID,2020-08-25 21:14:08,-7.63,109.25,68.0,83,96,9.17
256,Antofagasta,CL,2020-08-25 21:14:08,-23.65,-70.4,60.8,72,20,14.99
257,Hofn,IS,2020-08-25 21:14:08,64.25,-15.21,50.4,84,3,3.27
258,Opuwo,NA,2020-08-25 21:14:09,-18.06,13.84,59.2,55,1,5.66
259,Sao Miguel Do Araguaia,BR,2020-08-25 21:14:09,-13.28,-50.16,88.11,32,36,0.85
260,Bara,NG,2020-08-25 21:14:09,10.37,10.73,72.28,88,99,6.44
261,Poltavka,RU,2020-08-25 21:14:09,54.37,71.76,58.06,84,100,12.3
262,Nyuksenitsa,RU,2020-08-25 21:14:09,60.41,44.24,54.25,90,99,3.78
263,Ahipara,NZ,2020-08-25 21:14:09,-35.17,173.17,52.81,77,40,12.95
264,Salalah,OM,2020-08-25 21:14:10,17.02,54.09,77.0,94,90,3.36
265,Freeport,US,2020-08-25 21:14:10,40.66,-73.58,90.0,49,75,14.99
266,Mackay,AU,2020-08-25 21:09:14,-21.15,149.2,57.0,93,35,6.93
267,Bay Roberts,CA,2020-08-25 21:14:10,47.6,-53.26,60.01,100,88,5.99
268,Bilma,NE,2020-08-25 21:14:10,18.69,12.92,91.22,37,73,10.11
269,Guerrero Negro,MX,2020-08-25 21:14:10,27.98,-114.06,82.54,61,22,15.3
270,Hegang,CN,2020-08-25 21:14:10,47.4,130.37,61.9,92,56,3.69
271,Qui Nhon,VN,2020-08-25 21:14:11,13.77,109.23,81.64,78,65,7.52
272,Trat,TH,2020-08-25 21:14:11,12.5,102.5,79.0,93,24,0.87
273,Liusha,CN,2020-08-25 21:14:11,27.21,108.59,65.25,99,0,1.95
274,Loncoche,CL,2020-08-25 21:14:11,-39.37,-72.63,55.4,76,75,9.17
275,Lebu,CL,2020-08-25 21:14:11,-37.62,-73.65,53.19,76,0,18.81
276,Vytegra,RU,2020-08-25 21:14:11,61.01,36.45,54.12,89,99,5.84
277,Ak-Dovurak,RU,2020-08-25 21:14:12,51.18,90.6,52.77,86,100,5.73
278,Prince Rupert,CA,2020-08-25 21:14:12,54.32,-130.32,55.4,93,90,8.05
279,Mitsamiouli,KM,2020-08-25 21:14:12,-11.38,43.28,76.95,73,0,4.0
280,Tiznit,MA,2020-08-25 21:14:12,29.58,-9.5,95.77,17,53,2.37
281,Batayurt,RU,2020-08-25 21:14:12,43.32,46.69,64.92,59,0,9.22
282,Burnie,AU,2020-08-25 21:14:13,-41.07,145.92,44.01,72,64,8.99
283,Victor Harbor,AU,2020-08-25 21:14:13,-35.57,138.62,53.01,72,1,6.6
284,Gigmoto,PH,2020-08-25 21:14:13,13.78,124.39,80.53,81,79,3.94
285,Kirakira,SB,2020-08-25 21:14:13,-10.45,161.92,81.55,79,75,9.04
286,Touros,BR,2020-08-25 21:14:13,-5.2,-35.46,78.8,74,20,16.11
287,Puerto Leguizamo,CO,2020-08-25 21:14:14,-0.19,-74.78,87.89,48,71,2.28
288,Burns Lake,CA,2020-08-25 21:14:14,54.23,-125.75,62.13,42,94,5.79
289,Deep River,CA,2020-08-25 21:14:14,46.1,-77.5,68.0,60,90,10.51
290,Shipley,GB,2020-08-25 21:14:14,53.83,-1.77,59.0,93,75,17.22
291,Georgetown,MY,2020-08-25 21:09:17,5.41,100.34,78.8,94,20,3.36
292,Coari,BR,2020-08-25 21:14:14,-4.08,-63.14,92.21,38,55,2.21
293,Port-Gentil,GA,2020-08-25 21:14:15,-0.72,8.78,75.2,94,40,8.75
294,Mende,FR,2020-08-25 21:14:15,44.67,3.5,55.69,68,0,3.42
295,Sabha,LY,2020-08-25 21:14:15,27.04,14.43,81.41,17,0,10.8
296,Santa Maria,BR,2020-08-25 21:14:15,-29.68,-53.81,78.8,57,100,10.29
297,Payson,US,2020-08-25 21:14:15,40.04,-111.73,96.01,35,40,5.82
298,Chaoyang,CN,2020-08-25 21:14:15,41.57,120.46,71.24,74,100,1.68
299,Daru,PG,2020-08-25 21:14:15,-9.08,143.21,76.73,88,99,18.19
300,Dikson,RU,2020-08-25 21:14:16,73.51,80.55,48.43,87,0,7.43
301,Yining,CN,2020-08-25 21:14:16,29.04,114.56,72.0,93,25,2.15
302,Pemangkat,ID,2020-08-25 21:14:16,1.17,108.97,78.08,84,98,4.9
303,Adrar,MR,2020-08-25 21:14:16,20.5,-10.07,98.67,20,84,17.96
304,Ilulissat,GL,2020-08-25 21:14:16,69.22,-51.1,42.8,75,40,4.7
305,Agadez,NE,2020-08-25 21:14:16,19.75,10.25,95.83,29,98,19.53
306,Belawan,ID,2020-08-25 21:14:17,3.78,98.68,78.8,94,40,3.87
307,Camacha,PT,2020-08-25 21:14:17,33.08,-16.33,73.4,78,40,11.41
308,Erzin,TR,2020-08-25 21:14:17,36.96,36.2,79.0,88,0,1.19
309,Bay City,US,2020-08-25 21:10:19,43.59,-83.89,89.6,30,1,11.41
310,Kalamare,BW,2020-08-25 21:11:06,-22.93,26.57,62.44,30,0,4.65
311,Fayaoue,NC,2020-08-25 21:14:17,-20.65,166.53,70.41,76,40,18.92
312,Pochutla,MX,2020-08-25 21:14:17,15.74,-96.47,75.2,69,90,6.2
313,Ozuluama,MX,2020-08-25 21:14:18,21.67,-97.85,86.0,79,75,11.41
314,Nabire,ID,2020-08-25 21:14:18,-3.37,135.48,73.99,89,6,4.09
315,Kuito,AO,2020-08-25 21:14:18,-12.38,16.93,66.11,39,66,2.95
316,Hadejia,NG,2020-08-25 21:14:18,12.45,10.04,75.7,75,99,4.16
317,Truckee,US,2020-08-25 21:13:02,39.33,-120.18,75.99,38,90,9.44
318,Lasa,IT,2020-08-25 21:14:19,46.62,10.7,68.0,77,20,1.12
319,Narsaq,GL,2020-08-25 21:14:19,60.92,-46.05,53.6,58,0,9.17
320,Roma,US,2020-08-25 21:10:05,43.21,-75.46,80.6,54,1,20.8
321,Yumen,CN,2020-08-25 21:14:19,40.28,97.2,65.75,27,0,1.21
322,Kyren,RU,2020-08-25 21:14:19,51.68,102.14,53.55,73,91,1.97
323,Linqiong,CN,2020-08-25 21:14:19,30.42,103.46,73.4,94,0,1.59
324,Saint-Pierre,RE,2020-08-25 21:14:19,-21.34,55.48,68.0,72,75,4.7
325,Xai-Xai,MZ,2020-08-25 21:14:20,-25.05,33.64,73.67,54,0,14.2
326,Great Falls,US,2020-08-25 21:14:20,47.5,-111.3,86.0,19,1,8.05
327,Sirnak,TR,2020-08-25 21:14:20,37.52,42.46,68.41,33,0,3.8
328,Airai,TL,2020-08-25 21:14:20,-8.93,125.41,54.48,54,0,4.94
329,Bathsheba,BB,2020-08-25 21:14:20,13.22,-59.52,86.0,74,40,11.41
330,Meadow Lake,US,2020-08-25 21:14:20,34.8,-106.54,95.0,23,20,8.05
331,Roshchino,RU,2020-08-25 21:14:20,60.25,29.61,59.0,97,100,2.15
332,Catamarca,AR,2020-08-25 21:12:41,-28.47,-65.79,77.0,39,82,1.99
333,Olot,ES,2020-08-25 21:14:21,42.18,2.49,73.99,84,18,1.01
334,Perth,AU,2020-08-25 21:10:19,-31.93,115.83,44.6,93,0,6.38
335,Emerald,AU,2020-08-25 21:09:32,-23.53,148.17,50.0,43,0,11.41
336,Broome,US,2020-08-25 21:14:22,42.25,-75.83,78.01,64,20,16.11
337,Saint-Augustin,CA,2020-08-25 21:14:22,51.23,-58.65,60.06,74,100,11.41
338,Were Ilu,ET,2020-08-25 21:14:22,10.6,39.43,52.66,89,60,3.6
339,Kondinskoye,RU,2020-08-25 21:14:22,59.65,67.41,54.1,95,100,11.52
340,Uthal,PK,2020-08-25 21:14:22,25.81,66.62,80.67,84,100,6.51
341,Warrington,GB,2020-08-25 21:14:22,53.39,-2.58,61.0,93,90,24.16
342,Alofi,NU,2020-08-25 21:14:22,-19.06,-169.92,75.2,78,75,4.7
343,Lingao,CN,2020-08-25 21:14:23,19.91,109.69,81.39,76,36,9.15
344,Demidov,RU,2020-08-25 21:14:23,55.27,31.52,58.55,95,100,8.93
345,Praya,CV,2020-08-25 21:14:23,14.92,-23.51,84.2,74,20,5.82
346,Mogadishu,SO,2020-08-25 21:10:17,2.04,45.34,76.95,84,11,15.35
347,Reconquista,AR,2020-08-25 21:14:23,-29.15,-59.65,84.78,42,42,9.86
348,Tabou,CI,2020-08-25 21:14:23,4.42,-7.35,75.24,83,92,7.2
349,Darnah,LY,2020-08-25 21:14:23,32.77,22.64,77.7,81,0,16.11
350,Vila Do Maio,CV,2020-08-25 21:14:24,15.13,-23.22,84.2,74,20,5.82
351,Vale,GE,2020-08-25 21:14:24,41.62,42.87,77.0,41,0,19.46
352,Dabakala,CI,2020-08-25 21:14:24,8.37,-4.43,72.36,89,30,2.53
353,Pandan,PH,2020-08-25 21:14:24,14.05,124.17,80.65,84,81,4.85
354,Campbell River,CA,2020-08-25 21:14:24,50.02,-125.24,70.0,52,20,9.17
355,Bisho,ZA,2020-08-25 21:14:25,-32.85,27.44,54.03,74,22,11.65
356,Mandalgarh,IN,2020-08-25 21:14:25,25.2,75.1,75.47,87,53,10.96
357,San Andres,CO,2020-08-25 21:14:25,12.58,-81.7,84.2,79,40,11.41
358,Anchorage,US,2020-08-25 21:12:48,61.22,-149.9,55.99,82,75,5.82
359,Pangody,RU,2020-08-25 21:14:26,65.85,74.49,51.55,84,93,4.5
360,Muroto,JP,2020-08-25 21:14:26,33.28,134.15,83.3,74,48,9.6
361,Plettenberg Bay,ZA,2020-08-25 21:14:26,-34.05,23.37,58.62,85,12,11.74
362,Kudahuvadhoo,MV,2020-08-25 21:14:26,2.67,72.89,83.23,74,100,12.66
363,Casper,US,2020-08-25 21:10:55,42.87,-106.31,93.99,16,20,13.87
364,Faya,SA,2020-08-25 21:14:26,18.39,42.45,71.6,77,95,3.36
365,Coihaique,CL,2020-08-25 21:14:27,-45.58,-72.07,39.2,69,90,1.77
366,Port Macquarie,AU,2020-08-25 21:14:27,-31.43,152.92,41.0,97,24,9.04
367,Gavrilov-Yam,RU,2020-08-25 21:14:27,57.3,39.85,55.4,100,83,5.5
368,Quelimane,MZ,2020-08-25 21:14:27,-17.88,36.89,75.2,83,40,5.82
369,Cape Town,ZA,2020-08-25 21:10:14,-33.93,18.42,57.0,93,75,9.17
370,Vilhena,BR,2020-08-25 21:14:27,-12.74,-60.15,89.6,40,96,4.7
371,Hualmay,PE,2020-08-25 21:14:27,-11.1,-77.61,66.0,69,4,12.03
372,Chumikan,RU,2020-08-25 21:14:28,54.72,135.31,52.11,94,100,2.62
373,Lipari,IT,2020-08-25 21:14:28,38.47,14.95,78.01,71,49,7.52
374,Salinopolis,BR,2020-08-25 21:14:28,-0.61,-47.36,80.22,77,0,8.66
375,Cangzhou,CN,2020-08-25 21:14:28,38.32,116.87,73.83,81,100,2.33
376,Galesong,ID,2020-08-25 21:14:28,-5.32,119.37,69.8,88,75,6.93
377,Cilegon,ID,2020-08-25 21:14:28,-6.02,106.05,78.8,74,20,4.7
378,Wewak,PG,2020-08-25 21:14:29,-3.55,143.63,77.63,85,90,8.7
379,Araouane,ML,2020-08-25 21:14:29,18.9,-3.53,96.87,32,44,9.84
380,Nicoya,CR,2020-08-25 21:14:29,10.15,-85.45,82.4,83,75,13.87
381,Aasiaat,GL,2020-08-25 21:14:29,68.71,-52.87,40.06,87,52,3.6
382,Kenai,US,2020-08-25 21:14:29,60.55,-151.26,57.99,82,90,8.05
383,Poum,NC,2020-08-25 21:14:29,-20.23,164.02,70.56,78,54,12.37
384,Mayo,US,2020-08-25 21:14:30,38.89,-76.51,91.0,55,1,12.75
385,Sol-Iletsk,RU,2020-08-25 21:14:30,51.16,54.99,67.19,48,0,6.06
386,Natal,BR,2020-08-25 21:11:27,-5.79,-35.21,78.8,78,20,19.46
387,Hokitika,NZ,2020-08-25 21:14:30,-42.72,170.97,43.47,63,41,3.04
388,Totness,SR,2020-08-25 21:14:30,5.88,-56.32,82.11,77,97,10.89
389,Sinnamary,GF,2020-08-25 21:14:31,5.38,-52.95,81.57,77,0,7.16
390,Dicabisagan,PH,2020-08-25 21:14:31,17.08,122.42,79.41,78,83,2.55
391,Pathein,MM,2020-08-25 21:14:31,16.78,94.73,77.43,93,100,4.29
392,Xining,CN,2020-08-25 21:14:31,36.62,101.77,54.03,49,0,2.51
393,Blairmore,CA,2020-08-25 21:14:31,49.6,-114.44,79.0,31,98,9.17
394,Letnyaya Stavka,RU,2020-08-25 21:14:32,45.43,43.45,64.94,47,0,10.71
395,Promyshlennyy,RU,2020-08-25 21:14:32,67.58,63.92,53.26,88,100,6.89
396,Aykino,RU,2020-08-25 21:14:32,62.22,49.99,51.49,97,1,5.7
397,Chegdomyn,RU,2020-08-25 21:14:32,51.12,133.02,56.3,95,55,3.8
398,Port Hedland,AU,2020-08-25 21:14:32,-20.32,118.57,60.8,100,75,3.36
399,Charagua,BO,2020-08-25 21:14:32,-19.8,-63.22,82.74,37,0,17.83
400,Gelemso,ET,2020-08-25 21:14:33,8.82,40.52,62.1,81,90,5.88
401,Verkhnyaya Balkariya,RU,2020-08-25 21:14:33,43.13,43.46,57.2,71,0,6.71
402,Saint-Joseph,RE,2020-08-25 21:14:33,-21.37,55.62,68.0,72,75,4.7
403,Filadelfia,US,2020-08-25 21:11:39,39.95,-75.16,91.0,52,40,17.22
404,Cap-Aux-Meules,CA,2020-08-25 21:12:11,47.38,-61.86,66.2,100,90,14.99
405,Podgornoye,RU,2020-08-25 21:14:33,51.73,39.15,62.6,59,59,2.24
406,Nisia Floresta,BR,2020-08-25 21:14:34,-6.09,-35.21,78.8,78,20,19.46
407,Umm Kaddadah,SD,2020-08-25 21:14:34,13.6,26.69,87.48,46,48,11.79
408,Comodoro Rivadavia,AR,2020-08-25 21:14:34,-45.87,-67.5,44.6,75,40,10.29
409,Jian,CN,2020-08-25 21:14:34,27.12,114.98,76.93,91,100,4.54
410,Almaznyy,RU,2020-08-25 21:14:34,48.04,40.05,73.4,28,0,13.42
411,Koslan,RU,2020-08-25 21:14:34,63.46,48.9,54.72,87,98,7.2
412,George,ZA,2020-08-25 21:14:35,-33.96,22.46,57.2,87,29,17.22
413,Damietta,EG,2020-08-25 21:14:35,31.42,31.81,82.4,78,0,8.05
414,Waddan,LY,2020-08-25 21:14:35,29.16,16.14,78.85,66,0,11.97
415,Angola,AO,2020-08-25 21:14:35,-12.5,18.5,63.01,34,54,2.55
416,Ambah,IN,2020-08-25 21:13:06,26.71,78.23,81.34,78,27,8.55
417,Careiro Da Varzea,BR,2020-08-25 21:14:35,-3.2,-59.81,86.0,70,40,9.17
418,Satao,PT,2020-08-25 21:14:35,40.74,-7.73,68.0,2,0,1.99
419,Albenga,IT,2020-08-25 21:14:36,44.05,8.22,75.99,52,6,3.0
420,Eloy,US,2020-08-25 21:14:36,32.76,-111.55,106.0,18,1,4.7
421,Kidal,ML,2020-08-25 21:14:36,18.44,1.41,92.46,37,42,11.95
422,Diego De Almagro,CL,2020-08-25 21:14:36,-26.37,-70.05,60.31,40,0,9.04
423,Bam,IR,2020-08-25 21:14:36,29.11,58.36,87.49,27,84,7.74
424,Tessalit,ML,2020-08-25 21:14:36,20.2,1.01,95.29,29,90,5.59
425,Kormilovka,RU,2020-08-25 21:14:37,55.0,74.1,57.2,93,75,6.71
426,Sydney Mines,CA,2020-08-25 21:11:06,46.24,-60.22,69.01,94,90,14.99
427,Cayenne,GF,2020-08-25 21:14:37,4.93,-52.33,87.8,62,3,8.05
428,Pontianak,ID,2020-08-25 21:14:37,-0.03,109.33,75.0,93,83,1.92
429,Mercedes,AR,2020-08-25 21:14:38,-34.65,-59.43,68.0,83,93,1.01
430,Yulara,AU,2020-08-25 21:14:38,-25.24,130.99,59.0,28,0,6.93
431,Bhag,PK,2020-08-25 21:14:38,29.04,67.82,93.4,49,100,10.45
432,Kemijarvi,FI,2020-08-25 21:14:38,66.71,27.43,45.57,80,28,4.38
433,Waingapu,ID,2020-08-25 21:14:38,-9.66,120.26,72.64,81,3,11.36
434,Gubkinskiy,RU,2020-08-25 21:14:38,64.43,76.5,49.69,92,3,5.88
435,Petrolina De Goias,BR,2020-08-25 21:14:39,-16.09,-49.34,86.0,24,20,12.75
436,Aitape,PG,2020-08-25 21:14:39,-3.14,142.35,77.56,83,69,5.64
437,Mazagao,BR,2020-08-25 21:14:39,-0.12,-51.29,91.4,59,20,5.82
438,Ust-Nera,RU,2020-08-25 21:14:39,64.57,143.2,39.72,80,100,2.98
439,Dingle,PH,2020-08-25 21:14:40,11.0,122.67,75.24,87,99,3.44
440,Port Augusta,AU,2020-08-25 21:14:40,-32.5,137.77,42.01,93,0,9.17
441,Marathon,US,2020-08-25 21:14:40,44.9,-89.77,80.6,47,1,12.75
442,Dogondoutchi,NE,2020-08-25 21:14:40,13.64,4.03,80.8,70,63,13.22
443,Rurrenabaque,BO,2020-08-25 21:14:40,-14.44,-67.53,87.91,46,17,4.92
444,Krasnoselkup,RU,2020-08-25 21:14:40,65.7,82.47,57.97,78,100,4.94
445,Pueblorrico,CO,2020-08-25 21:14:41,5.79,-75.84,78.8,47,75,16.11
446,Provost,CA,2020-08-25 21:14:41,52.35,-110.27,70.86,39,0,8.32
447,Bobo Dioulasso,BF,2020-08-25 21:14:17,11.18,-4.3,77.0,94,20,5.82
448,Grao Mogol,BR,2020-08-25 21:14:41,-16.56,-42.89,65.55,36,18,5.03
449,Parian Dakula,PH,2020-08-25 21:14:41,5.56,120.77,83.66,72,38,7.49
450,Kavaratti,IN,2020-08-25 21:14:41,10.57,72.64,81.09,74,100,11.3
451,Guepsa,CO,2020-08-25 21:14:42,6.03,-73.57,71.87,82,66,2.95
452,Champerico,GT,2020-08-25 21:14:42,14.3,-91.92,86.0,79,40,9.17
453,Kazerun,IR,2020-08-25 21:14:42,29.62,51.65,76.32,23,0,2.44
454,Amuntai,ID,2020-08-25 21:14:42,-2.42,115.25,71.22,98,53,1.36
455,Laramie,US,2020-08-25 21:14:42,41.31,-105.59,84.99,17,75,12.75
456,Lompoc,US,2020-08-25 21:12:42,34.64,-120.46,75.0,73,1,14.99
457,Sibut,CF,2020-08-25 21:14:43,5.72,19.07,71.11,96,95,2.37
458,Mount Isa,AU,2020-08-25 21:14:43,-20.73,139.5,51.8,32,0,17.09
459,Zyryanka,RU,2020-08-25 21:14:43,65.75,150.85,41.95,66,92,8.84
460,Sioux Lookout,CA,2020-08-25 21:14:43,50.1,-91.92,69.8,68,75,6.93
461,Filingue,NE,2020-08-25 21:14:44,14.35,3.32,85.28,58,27,9.95
462,Upernavik,GL,2020-08-25 21:14:44,72.79,-56.15,42.1,89,100,3.83
463,Hirara,JP,2020-08-25 21:14:44,24.8,125.28,83.39,85,96,21.79
464,Bambous Virieux,MU,2020-08-25 21:14:44,-20.34,57.76,71.01,88,75,11.41
465,Malanje,AO,2020-08-25 21:14:44,-9.54,16.34,69.76,69,22,10.0
466,Souillac,MU,2020-08-25 21:14:44,-20.52,57.52,68.0,88,75,11.41
467,Clermont,FR,2020-08-25 21:14:45,49.5,2.42,68.0,68,20,12.75
468,Barcelos,PT,2020-08-25 21:14:45,41.54,-8.62,71.01,93,20,6.93
469,Salisbury,GB,2020-08-25 21:11:44,51.07,-1.8,62.6,77,92,26.4
470,Garowe,SO,2020-08-25 21:14:45,8.41,48.48,82.11,44,0,21.27
471,Labytnangi,RU,2020-08-25 21:14:45,66.66,66.42,53.38,78,98,3.56
472,Uvalde,US,2020-08-25 21:14:45,29.37,-99.77,99.0,30,40,5.82
473,Rolla,US,2020-08-25 21:14:46,37.95,-91.77,91.99,38,1,6.93
474,Sao Joao Da Barra,BR,2020-08-25 21:14:46,-21.64,-41.05,71.6,53,0,23.04
475,Nipani,IN,2020-08-25 21:14:46,16.4,74.38,68.72,94,92,4.16
476,Hengshui,CN,2020-08-25 21:09:58,37.73,115.7,71.83,78,89,3.76
477,Alyangula,AU,2020-08-25 21:14:46,-13.85,136.42,66.2,88,3,3.36
478,Cam Ranh,VN,2020-08-25 21:13:53,11.92,109.16,86.0,79,40,2.24
479,Mana,GF,2020-08-25 21:14:46,5.66,-53.78,81.84,75,5,8.12
480,Domoni,KM,2020-08-25 21:14:47,-12.26,44.53,75.25,76,0,3.04
481,Bac Lieu,VN,2020-08-25 21:14:47,9.29,105.72,80.06,85,0,9.13
482,Naze,JP,2020-08-25 21:14:31,28.37,129.48,84.2,83,75,12.75
483,Cozumel,MX,2020-08-25 21:14:47,20.51,-86.95,84.2,89,90,3.36
484,Evensk,RU,2020-08-25 21:14:47,61.95,159.23,46.87,55,0,4.5
485,Baykit,RU,2020-08-25 21:14:47,61.67,96.37,55.47,78,99,3.31
486,Nara,JP,2020-08-25 21:14:48,34.69,135.8,80.01,83,20,5.82
487,Bodden Town,KY,2020-08-25 21:14:48,19.28,-81.25,89.6,70,20,14.99
488,Tawau,MY,2020-08-25 21:14:48,4.25,117.89,77.0,94,20,3.36
489,Haukipudas,FI,2020-08-25 21:14:48,65.18,25.35,48.2,93,67,8.05
490,Yar-Sale,RU,2020-08-25 21:14:48,66.83,70.83,50.92,81,0,7.05
491,Severo-Yeniseyskiy,RU,2020-08-25 21:14:48,60.37,93.04,47.07,95,0,1.9
492,Kutum,SD,2020-08-25 21:14:49,14.2,24.67,77.59,60,24,6.42
493,Rawson,AR,2020-08-25 21:14:49,-43.3,-65.1,46.09,73,99,15.43
494,Balakhta,RU,2020-08-25 21:14:49,55.38,91.6,54.25,87,100,5.06
495,Outjo,NA,2020-08-25 21:14:49,-20.12,16.15,62.42,55,70,12.66
496,Tagab,AF,2020-08-25 21:14:49,34.85,69.65,78.53,51,98,2.48
497,Shache,CN,2020-08-25 21:14:49,38.42,77.24,71.78,20,57,2.68
498,Banda Aceh,ID,2020-08-25 21:14:49,5.56,95.32,79.68,78,29,4.34
499,Bismarck,US,2020-08-25 21:14:50,46.81,-100.78,86.0,58,1,9.66
500,Anjar,IN,2020-08-25 21:14:50,23.13,70.02,79.88,83,3,16.91
501,Trairi,BR,2020-08-25 21:14:50,-3.28,-39.27,76.75,74,0,8.59
502,General Pico,AR,2020-08-25 21:10:49,-35.66,-63.76,66.27,85,97,4.14
503,Bukachacha,RU,2020-08-25 21:14:50,52.98,116.92,42.69,90,0,3.42
504,Yerbogachen,RU,2020-08-25 21:14:50,61.28,108.01,43.59,76,0,6.98
505,Washington,US,2020-08-25 21:12:37,47.5,-120.5,86.0,17,13,3.0
506,Tirthahalli,IN,2020-08-25 21:14:51,13.7,75.23,67.14,98,99,1.97
507,Hirado,JP,2020-08-25 21:14:51,33.36,129.55,79.0,62,7,16.37
508,Sangin,AF,2020-08-25 21:14:51,32.07,64.84,83.95,21,0,6.49
509,Aksu,CN,2020-08-25 21:14:51,41.12,80.26,80.13,19,9,4.68
510,Provideniya,RU,2020-08-25 21:14:51,64.38,-173.3,51.8,87,90,6.71
511,Brandfort,ZA,2020-08-25 21:14:51,-28.7,26.46,51.8,37,0,1.12
512,Batagay-Alyta,RU,2020-08-25 21:14:52,67.8,130.41,36.34,81,0,0.11
513,Kuhdasht,IR,2020-08-25 21:14:52,33.53,47.61,78.8,31,0,11.41
514,Liverpool,GB,2020-08-25 21:10:28,53.41,-2.98,61.0,93,90,24.16
515,Imbituba,BR,2020-08-25 21:14:52,-28.24,-48.67,68.0,64,0,14.99
516,Ormara,PK,2020-08-25 21:14:52,25.21,64.64,82.06,84,100,11.52
517,Chissamba,AO,2020-08-25 21:14:53,-12.17,17.33,66.51,40,5,3.11
518,Mandurah,AU,2020-08-25 21:14:53,-32.55,115.7,42.8,100,0,5.48
519,Sept-Iles,CA,2020-08-25 21:10:02,50.2,-66.38,60.01,100,75,10.29
520,Avera,US,2020-08-25 21:14:53,33.19,-82.53,86.0,84,40,4.7
521,Port Moresby,PG,2020-08-25 21:14:53,-9.44,147.18,75.2,94,90,3.36
522,Okha,RU,2020-08-25 21:14:53,53.57,142.95,56.46,97,100,11.14
523,Dandong,CN,2020-08-25 21:14:54,40.13,124.39,74.07,96,100,1.39
524,Felanitx,ES,2020-08-25 21:14:54,39.47,3.15,80.6,74,20,2.24
525,Zhanaozen,KZ,2020-08-25 21:14:54,43.3,52.8,68.36,51,0,6.87
526,Grand Gaube,MU,2020-08-25 21:14:54,-20.01,57.66,71.01,76,19,5.01
527,Colesberg,ZA,2020-08-25 21:14:54,-30.72,25.1,51.84,32,0,10.16
528,Camalu,MX,2020-08-25 21:14:54,30.85,-116.07,88.0,40,12,5.99
529,Pangnirtung,CA,2020-08-25 21:14:55,66.15,-65.71,44.6,93,75,9.17
530,Vanersborg,SE,2020-08-25 21:14:55,58.38,12.32,51.8,76,100,4.7
531,Coralville,US,2020-08-25 21:14:55,41.68,-91.58,93.2,41,1,5.82
532,Udachnyy,RU,2020-08-25 21:14:55,66.42,112.4,46.4,68,4,4.47
533,Werda,BW,2020-08-25 21:14:55,-25.27,23.28,65.01,23,0,8.9
534,Maragogi,BR,2020-08-25 21:14:55,-9.01,-35.22,74.16,78,54,8.52
535,Maldonado,UY,2020-08-25 21:14:55,-34.67,-54.92,61.0,100,90,6.93
536,Novoorsk,RU,2020-08-25 21:14:56,51.38,58.98,64.4,55,3,8.95
537,Cururupu,BR,2020-08-25 21:14:56,-1.83,-44.87,77.65,79,8,4.07
538,Karratha,AU,2020-08-25 21:14:56,-20.74,116.85,73.56,34,0,6.29
539,Lola,GN,2020-08-25 21:14:56,7.8,-8.53,69.66,93,100,2.37
540,Aykhal,RU,2020-08-25 21:14:56,66.0,111.5,46.4,76,22,4.47
541,La Palma,US,2020-08-25 21:14:56,33.85,-118.05,95.0,38,1,5.82
542,Atikokan,CA,2020-08-25 21:14:57,48.76,-91.62,84.69,34,37,4.54
543,Goderich,CA,2020-08-25 21:14:57,43.75,-81.72,77.0,88,0,4.0
544,Bossangoa,CF,2020-08-25 21:14:57,6.49,17.46,69.31,96,100,2.62
545,Roudnice,CZ,2020-08-25 21:14:57,50.18,15.65,61.0,72,46,4.7
546,Cuamba,MZ,2020-08-25 21:14:57,-14.8,36.54,74.86,45,71,1.5
547,Yingkou,CN,2020-08-25 21:14:57,40.66,122.23,71.13,87,100,4.83
548,Tanabi,BR,2020-08-25 21:14:58,-20.63,-49.65,82.4,10,2,10.29
549,Nemuro,JP,2020-08-25 21:14:58,43.32,145.57,65.21,94,84,11.07
550,Urambo,TZ,2020-08-25 21:14:58,-5.07,32.05,76.17,34,95,3.33
551,Rabaul,PG,2020-08-25 21:14:58,-4.2,152.17,79.66,78,10,12.48
552,Palmeiras De Goias,BR,2020-08-25 21:14:58,-16.8,-49.93,82.92,27,0,5.61
553,Kaeo,NZ,2020-08-25 21:14:58,-35.1,173.78,53.01,3,6,11.01
554,Pangkalanbuun,ID,2020-08-25 21:10:38,-2.68,111.62,73.65,95,47,2.93
555,Moron,AR,2020-08-25 21:10:02,-34.65,-58.62,66.0,86,98,4.0
556,Ambilobe,MG,2020-08-25 21:14:59,-13.2,49.05,68.09,80,12,4.23
557,Bandipur,NP,2020-08-25 21:14:59,27.93,84.42,69.03,100,78,1.45
558,Vanimo,PG,2020-08-25 21:14:59,-2.67,141.3,77.04,85,27,5.68
559,Selenduma,RU,2020-08-25 21:14:59,50.91,106.24,49.33,84,91,0.51
560,Powell River,CA,2020-08-25 21:14:59,49.85,-124.54,70.0,77,20,8.05
